대전광역시,동구,원동,  
대전광역시,동구,원동,
대전광역시,동구,인동,
대전광역시,동구,신흥동,
대전광역시,동구,효동,
대전광역시,동구,천동,
대전광역시,동구,가오동,
대전광역시,동구,판암동,
대전광역시,동구,대성동,
대전광역시,동구,대동,
대전광역시,동구,삼정동,
대전광역시,동구,용운동,
대전광역시,동구,신안동,
대전광역시,동구,자양동,
대전광역시,동구,소제동,
대전광역시,동구,가양동,
대전광역시,동구,삼성동,
대전광역시,대덕구,비래동,
대전광역시,동구,용전동,
대전광역시,동구,홍도동,
대전광역시,동구,성남동,
대전광역시,대덕구,오정동,
대전광역시,동구,낭월동,
대전광역시,동구,정동,
대전광역시,동구,중동,
대전광역시,동구,추동,
대전광역시,동구,마산동,
대전광역시,동구,비룡동,
대전광역시,동구,주산동,
대전광역시,동구,효평동,
대전광역시,동구,직동,
대전광역시,동구,세천동,
대전광역시,동구,신상동,
대전광역시,동구,신하동,
대전광역시,동구,신촌동,
대전광역시,동구,사성동,
대전광역시,동구,내탑동,
대전광역시,동구,오동,
대전광역시,동구,주촌동,
대전광역시,동구,대별동,
대전광역시,동구,이사동,
대전광역시,동구,장척동,
대전광역시,동구,소호동,
대전광역시,동구,구도동,
대전광역시,동구,삼괴동,
대전광역시,동구,상소동,
대전광역시,동구,하소동,
대전광역시,중구,은행동,
대전광역시,중구,선화동,
대전광역시,중구,대흥동,
대전광역시,중구,중촌동,
대전광역시,중구,목동,
대전광역시,중구,문화동,
대전광역시,중구,용두동,
대전광역시,중구,문창동,
대전광역시,중구,대사동,
대전광역시,중구,석교동,
대전광역시,중구,호동,
대전광역시,중구,부사동,
대전광역시,중구,옥계동,
대전광역시,중구,오류동,
대전광역시,중구,태평동,
대전광역시,중구,유천동,
대전광역시,중구,산성동,
대전광역시,중구,사정동,
대전광역시,중구,안영동,
대전광역시,중구,무수동,
대전광역시,중구,구완동,
대전광역시,중구,침산동,
대전광역시,중구,목달동,
대전광역시,중구,정생동,
대전광역시,중구,어남동,
대전광역시,중구,금동,
대전광역시,서구,갈마동,
대전광역시,서구,복수동,
대전광역시,서구,정림동,
대전광역시,서구,변동,
대전광역시,서구,내동,
대전광역시,서구,도마동,
대전광역시,서구,용문동,
대전광역시,서구,평촌동,
대전광역시,서구,탄방동,
대전광역시,서구,괴정동,
대전광역시,서구,가장동,
대전광역시,서구,둔산동,
대전광역시,서구,월평동,
대전광역시,서구,가수원동,
대전광역시,서구,관저동,
대전광역시,서구,도안동,
대전광역시,유성구,용계동,
대전광역시,서구,흑석동,
대전광역시,서구,매노동,
대전광역시,서구,산직동,
대전광역시,서구,장안동,
대전광역시,서구,오동,
대전광역시,서구,우명동,
대전광역시,서구,원정동,
대전광역시,서구,용촌동,
대전광역시,서구,봉곡동,
대전광역시,서구,괴곡동,
대전광역시,서구,만년동,
대전광역시,유성구,원내동,
대전광역시,유성구,대정동,
대전광역시,유성구,교촌동,
대전광역시,유성구,계산동,
대전광역시,유성구,학하동,
대전광역시,유성구,복용동,
대전광역시,유성구,덕명동,
대전광역시,유성구,성북동,
대전광역시,유성구,세동,
대전광역시,유성구,송정동,
대전광역시,유성구,방동,
대전광역시,유성구,봉명동,
대전광역시,유성구,상대동,
대전광역시,유성구,구암동,
대전광역시,유성구,장대동,
대전광역시,유성구,원신흥동,
대전광역시,유성구,노은동,
대전광역시,유성구,갑동,
대전광역시,유성구,지족동,
대전광역시,유성구,반석동,
대전광역시,유성구,죽동,
대전광역시,유성구,하기동,
대전광역시,유성구,궁동,
대전광역시,유성구,어은동,
대전광역시,유성구,구성동,
대전광역시,유성구,신성동,
대전광역시,유성구,가정동,
대전광역시,유성구,장동,
대전광역시,유성구,도룡동,
대전광역시,유성구,추목동,
대전광역시,유성구,방현동,
대전광역시,유성구,자운동,
대전광역시,유성구,화암동,
대전광역시,유성구,전민동,
대전광역시,유성구,관평동,
대전광역시,유성구,덕진동,
대전광역시,유성구,송강동,
대전광역시,유성구,신봉동,
대전광역시,유성구,수남동,
대전광역시,유성구,외삼동,
대전광역시,유성구,안산동,
대전광역시,유성구,원촌동,
대전광역시,유성구,문지동,
대전광역시,유성구,탑립동,
대전광역시,유성구,용산동,
대전광역시,유성구,봉산동,
대전광역시,유성구,금고동,
대전광역시,유성구,대동,
대전광역시,유성구,금탄동,
대전광역시,유성구,신동,
대전광역시,유성구,둔곡동,
대전광역시,유성구,구룡동,
대전광역시,대덕구,대화동,
대전광역시,대덕구,읍내동,
대전광역시,대덕구,법동,
대전광역시,대덕구,중리동,
대전광역시,대덕구,연축동,
대전광역시,대덕구,와동,
대전광역시,대덕구,신대동,
대전광역시,대덕구,송촌동,
대전광역시,대덕구,석봉동,
대전광역시,대덕구,목상동,
대전광역시,대덕구,문평동,
대전광역시,대덕구,신일동,
대전광역시,대덕구,덕암동,
대전광역시,대덕구,상서동,
대전광역시,대덕구,평촌동,
대전광역시,대덕구,신탄진동,
대전광역시,대덕구,장동,
대전광역시,대덕구,용호동,
대전광역시,대덕구,이현동,
대전광역시,대덕구,갈전동,
대전광역시,대덕구,삼정동,
대전광역시,대덕구,미호동,
서울특별시,종로구,청운동,  
서울특별시,종로구,부암동,
서울특별시,종로구,신교동,
서울특별시,종로구,옥인동,
서울특별시,종로구,궁정동,
서울특별시,종로구,효자동,
서울특별시,종로구,창성동,
서울특별시,종로구,통의동,
서울특별시,종로구,적선동,
서울특별시,종로구,내자동,
서울특별시,종로구,통인동,
서울특별시,종로구,누하동,
서울특별시,종로구,누상동,
서울특별시,종로구,필운동,
서울특별시,종로구,체부동,
서울특별시,종로구,사직동,
서울특별시,종로구,삼청동,
서울특별시,종로구,신문로2가,
서울특별시,종로구,도렴동,
서울특별시,종로구,세종로,
서울특별시,종로구,신문로1가,
서울특별시,종로구,당주동,
서울특별시,종로구,내수동,
서울특별시,종로구,서린동,
서울특별시,중구,태평로1가,
서울특별시,종로구,송월동,
서울특별시,종로구,청진동,
서울특별시,종로구,종로1가,
서울특별시,종로구,공평동,
서울특별시,종로구,수송동,
서울특별시,종로구,견지동,
서울특별시,종로구,중학동,
서울특별시,종로구,사간동,
서울특별시,종로구,관철동,
서울특별시,종로구,종로2가,
서울특별시,종로구,인사동,
서울특별시,종로구,관훈동,
서울특별시,종로구,경운동,
서울특별시,종로구,와룡동,
서울특별시,종로구,명륜3가,
서울특별시,종로구,권농동,
서울특별시,종로구,운니동,
서울특별시,종로구,익선동,
서울특별시,종로구,낙원동,
서울특별시,종로구,팔판동,
서울특별시,종로구,가회동,
서울특별시,종로구,원서동,
서울특별시,종로구,계동,
서울특별시,종로구,안국동,
서울특별시,종로구,재동,
서울특별시,종로구,소격동,
서울특별시,종로구,화동,
서울특별시,종로구,송현동,
서울특별시,종로구,훈정동,
서울특별시,종로구,봉익동,
서울특별시,종로구,묘동,
서울특별시,종로구,종로3가,
서울특별시,종로구,돈의동,
서울특별시,종로구,장사동,
서울특별시,종로구,관수동,
서울특별시,종로구,인의동,
서울특별시,종로구,종로4가,
서울특별시,종로구,예지동,
서울특별시,종로구,원남동,
서울특별시,종로구,연건동,
서울특별시,종로구,연지동,
서울특별시,종로구,효제동,
서울특별시,종로구,종로5가,
서울특별시,종로구,종로6가,
서울특별시,종로구,충신동,
서울특별시,종로구,이화동,
서울특별시,종로구,동숭동,
서울특별시,종로구,명륜4가,
서울특별시,종로구,혜화동,
서울특별시,종로구,창신동,
서울특별시,종로구,명륜1가,
서울특별시,종로구,명륜2가,
서울특별시,종로구,숭인동,
서울특별시,종로구,교남동,
서울특별시,종로구,평동,
서울특별시,종로구,홍파동,
서울특별시,종로구,교북동,
서울특별시,종로구,행촌동,
서울특별시,종로구,무악동,
서울특별시,종로구,구기동,
서울특별시,종로구,홍지동,
서울특별시,종로구,평창동,
서울특별시,종로구,신영동,
서울특별시,중구,무교동,
서울특별시,중구,다동,
서울특별시,중구,정동,
서울특별시,중구,을지로1가,
서울특별시,중구,태평로2가,
서울특별시,중구,을지로2가,
서울특별시,중구,소공동,
서울특별시,중구,남대문로2가,
서울특별시,중구,수하동,
서울특별시,중구,저동1가,
서울특별시,중구,남대문로1가,
서울특별시,중구,삼각동,
서울특별시,중구,장교동,
서울특별시,중구,수표동,
서울특별시,중구,북창동,
서울특별시,중구,남창동,
서울특별시,중구,남대문로3가,
서울특별시,중구,회현동1가,
서울특별시,중구,남대문로5가,
서울특별시,중구,만리동1가,
서울특별시,중구,중림동,
서울특별시,중구,봉래동2가,
서울특별시,용산구,서계동,
서울특별시,중구,남대문로4가,
서울특별시,중구,봉래동1가,
서울특별시,중구,순화동,
서울특별시,중구,의주로2가,
서울특별시,용산구,동자동,
서울특별시,중구,회현동2가,
서울특별시,중구,충무로1가,
서울특별시,중구,회현동3가,
서울특별시,중구,충무로2가,
서울특별시,중구,남산동1가,
서울특별시,중구,명동2가,
서울특별시,중구,저동2가,
서울특별시,중구,남산동3가,
서울특별시,중구,명동1가,
서울특별시,중구,남산동2가,
서울특별시,중구,예장동,
서울특별시,중구,충무로4가,
서울특별시,중구,예관동,
서울특별시,중구,충무로5가,
서울특별시,중구,인현동2가,
서울특별시,중구,필동2가,
서울특별시,중구,묵정동,
서울특별시,중구,장충동2가,
서울특별시,중구,필동1가,
서울특별시,중구,필동3가,
서울특별시,중구,남학동,
서울특별시,중구,주자동,
서울특별시,중구,장충동1가,
서울특별시,중구,광희동2가,
서울특별시,중구,신당동,
서울특별시,중구,광희동1가,
서울특별시,중구,쌍림동,
서울특별시,중구,을지로7가,
서울특별시,중구,을지로6가,
서울특별시,중구,방산동,
서울특별시,중구,을지로5가,
서울특별시,중구,을지로4가,
서울특별시,중구,을지로3가,
서울특별시,중구,인현동1가,
서울특별시,중구,주교동,
서울특별시,중구,오장동,
서울특별시,중구,초동,
서울특별시,중구,입정동,
서울특별시,중구,산림동,
서울특별시,중구,충무로3가,
서울특별시,중구,황학동,
서울특별시,중구,흥인동,
서울특별시,중구,무학동,
서울특별시,중구,서소문동,
서울특별시,중구,충정로1가,
서울특별시,중구,의주로1가,
서울특별시,중구,만리동2가,
서울특별시,용산구,후암동,
서울특별시,용산구,용산동2가,
서울특별시,용산구,갈월동,
서울특별시,용산구,용산동1가,
서울특별시,용산구,이태원동,
서울특별시,용산구,용산동4가,
서울특별시,용산구,효창동,
서울특별시,마포구,공덕동,
서울특별시,용산구,서빙고동,
서울특별시,용산구,용산동6가,
서울특별시,용산구,남영동,
서울특별시,용산구,청파동1가,
서울특별시,용산구,청파동2가,
서울특별시,용산구,청파동3가,
서울특별시,용산구,원효로1가,
서울특별시,용산구,문배동,
서울특별시,용산구,원효로2가,
서울특별시,용산구,신계동,
서울특별시,용산구,원효로3가,
서울특별시,용산구,신창동,
서울특별시,용산구,용문동,
서울특별시,용산구,산천동,
서울특별시,용산구,청암동,
서울특별시,용산구,한강로3가,
서울특별시,용산구,원효로4가,
서울특별시,마포구,신공덕동,
서울특별시,용산구,도원동,
서울특별시,용산구,한강로2가,
서울특별시,용산구,한강로1가,
서울특별시,용산구,용산동3가,
서울특별시,용산구,용산동5가,
서울특별시,용산구,이촌동,
서울특별시,용산구,보광동,
서울특별시,용산구,한남동,
서울특별시,용산구,동빙고동,
서울특별시,용산구,주성동,
서울특별시,성동구,상왕십리동,
서울특별시,성동구,하왕십리동,
서울특별시,성동구,홍익동,
서울특별시,성동구,행당동,
서울특별시,성동구,도선동,
서울특별시,성동구,마장동,
서울특별시,성동구,사근동,
서울특별시,성동구,응봉동,
서울특별시,성동구,금호동4가,
서울특별시,성동구,금호동1가,
서울특별시,성동구,금호동2가,
서울특별시,성동구,금호동3가,
서울특별시,성동구,옥수동,
서울특별시,성동구,성수동1가,
서울특별시,성동구,성수동2가,
서울특별시,성동구,송정동,
서울특별시,성동구,용답동,
서울특별시,광진구,중곡동,
서울특별시,광진구,능동,
서울특별시,광진구,구의동,
서울특별시,광진구,광장동,
서울특별시,광진구,자양동,
서울특별시,광진구,화양동,
서울특별시,광진구,군자동,
서울특별시,동대문구,신설동,
서울특별시,동대문구,용두동,
서울특별시,동대문구,제기동,
서울특별시,동대문구,청량리동,
서울특별시,동대문구,전농동,
서울특별시,동대문구,장안동,
서울특별시,동대문구,휘경동,
서울특별시,동대문구,답십리동,
서울특별시,동대문구,회기동,
서울특별시,동대문구,이문동,
서울특별시,중랑구,면목동,
서울특별시,중랑구,상봉동,
서울특별시,중랑구,신내동,
서울특별시,중랑구,중화동,
서울특별시,중랑구,묵동,
서울특별시,중랑구,망우동,
서울특별시,성북구,성북동,
서울특별시,성북구,돈암동,
서울특별시,성북구,동소문동1가,
서울특별시,성북구,성북동1가,
서울특별시,성북구,정릉동,
서울특별시,성북구,삼선동1가,
서울특별시,성북구,장위동,
서울특별시,성북구,종암동,
서울특별시,성북구,동선동4가,
서울특별시,성북구,동선동2가,
서울특별시,성북구,동선동3가,
서울특별시,성북구,동선동5가,
서울특별시,성북구,동소문동7가,
서울특별시,성북구,동소문동4가,
서울특별시,성북구,동소문동2가,
서울특별시,성북구,동소문동3가,
서울특별시,성북구,동소문동5가,
서울특별시,성북구,동소문동6가,
서울특별시,성북구,삼선동2가,
서울특별시,성북구,삼선동3가,
서울특별시,성북구,삼선동4가,
서울특별시,성북구,삼선동5가,
서울특별시,성북구,동선동1가,
서울특별시,성북구,안암동1가,
서울특별시,성북구,안암동2가,
서울특별시,성북구,안암동3가,
서울특별시,성북구,안암동4가,
서울특별시,성북구,안암동5가,
서울특별시,성북구,보문동4가,
서울특별시,성북구,보문동5가,
서울특별시,성북구,보문동6가,
서울특별시,성북구,보문동7가,
서울특별시,성북구,보문동1가,
서울특별시,성북구,보문동2가,
서울특별시,성북구,보문동3가,
서울특별시,성북구,길음동,
서울특별시,성북구,하월곡동,
서울특별시,성북구,상월곡동,
서울특별시,성북구,석관동,
서울특별시,강북구,미아동,
서울특별시,강북구,번동,
서울특별시,강북구,수유동,
서울특별시,강북구,우이동,
서울특별시,도봉구,쌍문동,
서울특별시,도봉구,방학동,
서울특별시,도봉구,창동,
서울특별시,노원구,월계동,
서울특별시,도봉구,도봉동,
서울특별시,노원구,공릉동,
서울특별시,노원구,하계동,
서울특별시,노원구,중계동,
서울특별시,노원구,상계동,
서울특별시,은평구,수색동,
서울특별시,은평구,증산동,
서울특별시,은평구,녹번동,
서울특별시,은평구,대조동,
서울특별시,은평구,불광동,
서울특별시,은평구,응암동,
서울특별시,은평구,갈현동,
서울특별시,은평구,구산동,
서울특별시,은평구,역촌동,
서울특별시,은평구,신사동,
서울특별시,은평구,진관동,
서울특별시,서대문구,충정로2가,
서울특별시,서대문구,냉천동,
서울특별시,서대문구,충정로3가,
서울특별시,서대문구,북아현동,
서울특별시,서대문구,미근동,
서울특별시,서대문구,합동,
서울특별시,서대문구,천연동,
서울특별시,서대문구,옥천동,
서울특별시,서대문구,영천동,
서울특별시,서대문구,현저동,
서울특별시,서대문구,대현동,
서울특별시,서대문구,대신동,
서울특별시,서대문구,신촌동,
서울특별시,서대문구,홍제동,
서울특별시,서대문구,봉원동,
서울특별시,서대문구,창천동,
서울특별시,서대문구,연희동,
서울특별시,서대문구,홍은동,
서울특별시,서대문구,북가좌동,
서울특별시,서대문구,남가좌동,
서울특별시,마포구,아현동,
서울특별시,마포구,도화동,
서울특별시,마포구,용강동,
서울특별시,마포구,토정동,
서울특별시,마포구,마포동,
서울특별시,마포구,대흥동,
서울특별시,마포구,노고산동,
서울특별시,마포구,신수동,
서울특별시,마포구,염리동,
서울특별시,마포구,구수동,
서울특별시,마포구,현석동,
서울특별시,마포구,신정동,
서울특별시,마포구,창전동,
서울특별시,마포구,서교동,
서울특별시,마포구,상수동,
서울특별시,마포구,당인동,
서울특별시,마포구,하중동,
서울특별시,마포구,성산동,
서울특별시,마포구,합정동,
서울특별시,마포구,동교동,
서울특별시,마포구,연남동,
서울특별시,마포구,망원동,
서울특별시,마포구,중동,
서울특별시,마포구,상암동,
서울특별시,양천구,신정동,
서울특별시,양천구,목동,
서울특별시,양천구,신월동,
서울특별시,강서구,염창동,
서울특별시,강서구,가양동,
서울특별시,강서구,등촌동,
서울특별시,강서구,방화동,
서울특별시,강서구,화곡동,
서울특별시,강서구,마곡동,
서울특별시,강서구,내발산동,
서울특별시,강서구,외발산동,
서울특별시,강서구,공항동,
서울특별시,강서구,과해동,
서울특별시,강서구,개화동,
서울특별시,강서구,오곡동,
서울특별시,강서구,오쇠동,
서울특별시,구로구,신도림동,
서울특별시,구로구,구로동,
서울특별시,구로구,가리봉동,
서울특별시,구로구,개봉동,
서울특별시,구로구,고척동,
서울특별시,구로구,오류동,
서울특별시,구로구,천왕동,
서울특별시,구로구,궁동,
서울특별시,구로구,온수동,
서울특별시,구로구,항동,
서울특별시,금천구,가산동,
서울특별시,금천구,독산동,
서울특별시,금천구,시흥동,
서울특별시,영등포구,영등포동,
서울특별시,영등포구,영등포동3가,
서울특별시,영등포구,영등포동4가,
서울특별시,영등포구,신길동,
서울특별시,영등포구,도림동,
서울특별시,영등포구,영등포동1가,
서울특별시,영등포구,영등포동2가,
서울특별시,영등포구,당산동3가,
서울특별시,영등포구,영등포동5가,
서울특별시,영등포구,영등포동6가,
서울특별시,영등포구,영등포동7가,
서울특별시,영등포구,당산동,
서울특별시,영등포구,영등포동8가,
서울특별시,영등포구,여의도동,
서울특별시,영등포구,당산동1가,
서울특별시,영등포구,당산동2가,
서울특별시,영등포구,당산동4가,
서울특별시,영등포구,당산동5가,
서울특별시,영등포구,당산동6가,
서울특별시,영등포구,양화동,
서울특별시,영등포구,양평동4가,
서울특별시,영등포구,문래동2가,
서울특별시,영등포구,문래동1가,
서울특별시,영등포구,문래동3가,
서울특별시,영등포구,문래동4가,
서울특별시,영등포구,문래동5가,
서울특별시,영등포구,문래동6가,
서울특별시,영등포구,양평동1가,
서울특별시,영등포구,양평동2가,
서울특별시,영등포구,양평동3가,
서울특별시,영등포구,양평동5가,
서울특별시,영등포구,양평동6가,
서울특별시,영등포구,대림동,
서울특별시,영등포구,양평동,
서울특별시,동작구,노량진동,
서울특별시,동작구,대방동,
서울특별시,동작구,본동,
서울특별시,동작구,상도동,
서울특별시,동작구,상도1동,
서울특별시,관악구,봉천동,
서울특별시,동작구,사당동,
서울특별시,동작구,흑석동,
서울특별시,동작구,동작동,
서울특별시,동작구,신대방동,
서울특별시,관악구,신림동,
서울특별시,관악구,남현동,
서울특별시,서초구,방배동,
서울특별시,서초구,반포동,
서울특별시,서초구,양재동,
서울특별시,서초구,서초동,
서울특별시,서초구,신원동,
서울특별시,서초구,우면동,
서울특별시,서초구,원지동,
서울특별시,서초구,잠원동,
서울특별시,서초구,내곡동,
서울특별시,서초구,염곡동,
서울특별시,강남구,역삼동,
서울특별시,강남구,삼성동,
서울특별시,강남구,개포동,
서울특별시,강남구,청담동,
서울특별시,강남구,대치동,
서울특별시,강남구,도곡동,
서울특별시,강남구,신사동,
서울특별시,강남구,논현동,
서울특별시,강남구,압구정동,
서울특별시,강남구,세곡동,
서울특별시,강남구,율현동,
서울특별시,강남구,자곡동,
서울특별시,강남구,수서동,
서울특별시,강남구,일원동,
서울특별시,송파구,잠실동,
서울특별시,송파구,삼전동,
서울특별시,송파구,신천동,
서울특별시,송파구,풍납동,
서울특별시,송파구,송파동,
서울특별시,송파구,석촌동,
서울특별시,송파구,가락동,
서울특별시,송파구,문정동,
서울특별시,송파구,장지동,
서울특별시,송파구,방이동,
서울특별시,송파구,오금동,
서울특별시,송파구,거여동,
서울특별시,송파구,마천동,
서울특별시,강동구,명일동,
서울특별시,강동구,천호동,
서울특별시,강동구,길동,
서울특별시,강동구,고덕동,
서울특별시,강동구,강일동,
서울특별시,강동구,상일동,
경기도,하남시,초이동,
서울특별시,강동구,둔촌동,
서울특별시,강동구,암사동,
서울특별시,강동구,성내동,
인천광역시,중구,중앙동1가,
인천광역시,중구,중앙동2가,
인천광역시,중구,중앙동3가,
인천광역시,중구,중앙동4가,
인천광역시,중구,해안동1가,
인천광역시,중구,해안동2가,
인천광역시,중구,해안동3가,
인천광역시,중구,해안동4가,
인천광역시,중구,관동1가,
인천광역시,중구,송학동1가,
인천광역시,중구,관동2가,
인천광역시,중구,관동3가,
인천광역시,중구,항동1가,
인천광역시,중구,항동7가,
인천광역시,중구,북성동1가,
인천광역시,중구,선린동,
인천광역시,중구,항동2가,
인천광역시,중구,항동3가,
인천광역시,중구,항동4가,
인천광역시,중구,항동5가,
인천광역시,중구,항동6가,
인천광역시,중구,송학동2가,
인천광역시,중구,송학동3가,
인천광역시,중구,사동,
인천광역시,중구,신생동,
인천광역시,중구,신흥동1가,
인천광역시,중구,신포동,
인천광역시,중구,답동,
인천광역시,중구,신흥동2가,
인천광역시,중구,신흥동3가,
인천광역시,중구,선화동,
인천광역시,중구,도원동,
인천광역시,중구,율목동,
인천광역시,중구,유동,
인천광역시,중구,경동,
인천광역시,미추홀구,숭의동,
인천광역시,중구,내동,
인천광역시,중구,용동,
인천광역시,중구,인현동,
인천광역시,중구,전동,
인천광역시,동구,만석동,
인천광역시,중구,북성동2가,
인천광역시,중구,북성동3가,
인천광역시,중구,송월동1가,
인천광역시,중구,송월동2가,
인천광역시,중구,송월동3가,
인천광역시,중구,중산동,
인천광역시,중구,운남동,
인천광역시,중구,운서동,
인천광역시,중구,을왕동,
인천광역시,중구,운북동,
인천광역시,중구,남북동,
인천광역시,중구,덕교동,
인천광역시,중구,무의동,
인천광역시,동구,화수동,
인천광역시,동구,송현동,
인천광역시,동구,화평동,
인천광역시,동구,송림동,
인천광역시,동구,금곡동,
인천광역시,동구,창영동,
인천광역시,미추홀구,도화동,
인천광역시,미추홀구,용현동,
인천광역시,미추홀구,학익동,
인천광역시,미추홀구,주안동,
인천광역시,미추홀구,관교동,
인천광역시,미추홀구,문학동,
인천광역시,연수구,옥련동,
인천광역시,연수구,동춘동,
인천광역시,연수구,선학동,
인천광역시,연수구,연수동,
인천광역시,연수구,청학동,
인천광역시,연수구,송도동,
인천광역시,남동구,구월동,
인천광역시,남동구,간석동,
인천광역시,남동구,고잔동,
인천광역시,남동구,장수동,
인천광역시,남동구,만수동,
인천광역시,남동구,서창동,
인천광역시,남동구,운연동,
인천광역시,남동구,남촌동,
인천광역시,남동구,수산동,
인천광역시,남동구,도림동,
인천광역시,남동구,논현동,
인천광역시,부평구,부평동,
인천광역시,부평구,부개동,
인천광역시,부평구,산곡동,
인천광역시,부평구,십정동,
인천광역시,서구,가좌동,
인천광역시,부평구,청천동,
인천광역시,부평구,삼산동,
인천광역시,부평구,갈산동,
인천광역시,부평구,일신동,
인천광역시,부평구,구산동,
인천광역시,계양구,효성동,
인천광역시,계양구,계산동,
인천광역시,계양구,작전동,
인천광역시,계양구,용종동,
인천광역시,계양구,임학동,
인천광역시,계양구,이화동,
인천광역시,계양구,서운동,
인천광역시,계양구,병방동,
인천광역시,계양구,방축동,
인천광역시,계양구,박촌동,
인천광역시,계양구,동양동,
인천광역시,계양구,귤현동,
인천광역시,계양구,상야동,
인천광역시,계양구,하야동,
인천광역시,계양구,평동,
인천광역시,계양구,선주지동,
인천광역시,계양구,장기동,
인천광역시,계양구,오류동,
인천광역시,계양구,갈현동,
인천광역시,계양구,둑실동,
인천광역시,계양구,목상동,
인천광역시,계양구,다남동,
인천광역시,서구,백석동,
인천광역시,서구,경서동,
인천광역시,서구,당하동,
인천광역시,서구,왕길동,
인천광역시,서구,오류동,
인천광역시,서구,시천동,
인천광역시,서구,검암동,
인천광역시,서구,청라동,
인천광역시,서구,연희동,
인천광역시,서구,공촌동,
인천광역시,서구,심곡동,
인천광역시,서구,가정동,
인천광역시,서구,석남동,
인천광역시,서구,신현동,
인천광역시,서구,원창동,
인천광역시,서구,마전동,
인천광역시,서구,원당동,
인천광역시,서구,대곡동,
인천광역시,서구,금곡동,
인천광역시,서구,불로동,
인천광역시,강화군,강화읍,신문리
인천광역시,강화군,강화읍,관청리
인천광역시,강화군,강화읍,국화리
인천광역시,강화군,강화읍,남산리
인천광역시,강화군,강화읍,갑곳리
인천광역시,강화군,강화읍,월곳리
인천광역시,강화군,강화읍,용정리
인천광역시,강화군,강화읍,옥림리
인천광역시,강화군,강화읍,대산리
인천광역시,강화군,화도면,사기리
인천광역시,강화군,선원면,금월리
인천광역시,강화군,선원면,연리
인천광역시,강화군,선원면,지산리
인천광역시,강화군,선원면,신정리
인천광역시,강화군,선원면,창리
인천광역시,강화군,선원면,선행리
인천광역시,강화군,선원면,냉정리
인천광역시,강화군,불은면,두운리
인천광역시,강화군,불은면,고능리
인천광역시,강화군,불은면,오두리
인천광역시,강화군,불은면,넙성리
인천광역시,강화군,불은면,신현리
인천광역시,강화군,불은면,삼동암리
인천광역시,강화군,불은면,삼성리
인천광역시,강화군,불은면,덕성리
인천광역시,강화군,길상면,온수리
인천광역시,강화군,길상면,선두리
인천광역시,강화군,길상면,장흥리
인천광역시,강화군,길상면,동검리
인천광역시,강화군,길상면,초지리
인천광역시,강화군,길상면,길직리
인천광역시,강화군,화도면,내리
인천광역시,강화군,화도면,상방리
인천광역시,강화군,화도면,문산리
인천광역시,강화군,화도면,덕포리
인천광역시,강화군,화도면,동막리
인천광역시,강화군,화도면,흥왕리
인천광역시,강화군,화도면,여차리
인천광역시,강화군,화도면,장화리
인천광역시,강화군,양도면,하일리
인천광역시,강화군,양도면,능내리
인천광역시,강화군,양도면,건평리
인천광역시,강화군,양도면,인산리
인천광역시,강화군,양도면,삼흥리
인천광역시,강화군,양도면,길정리
인천광역시,강화군,양도면,도장리
인천광역시,강화군,양도면,조산리
인천광역시,강화군,내가면,고천리
인천광역시,강화군,내가면,오상리
인천광역시,강화군,내가면,외포리
인천광역시,강화군,내가면,황청리
인천광역시,강화군,내가면,구하리
인천광역시,강화군,하점면,신봉리
인천광역시,강화군,하점면,장정리
인천광역시,강화군,하점면,부근리
인천광역시,강화군,하점면,삼거리
인천광역시,강화군,하점면,신삼리
인천광역시,강화군,하점면,망월리
인천광역시,강화군,하점면,창후리
인천광역시,강화군,하점면,이강리
인천광역시,강화군,양사면,철산리
인천광역시,강화군,양사면,덕하리
인천광역시,강화군,양사면,북성리
인천광역시,강화군,양사면,교산리
인천광역시,강화군,양사면,인화리
인천광역시,강화군,송해면,솔정리
인천광역시,강화군,송해면,신당리
인천광역시,강화군,송해면,숭뢰리
인천광역시,강화군,송해면,당산리
인천광역시,강화군,송해면,양오리
인천광역시,강화군,송해면,상도리
인천광역시,강화군,송해면,하도리
인천광역시,강화군,교동면,대룡리
인천광역시,강화군,교동면,양갑리
인천광역시,강화군,교동면,읍내리
인천광역시,강화군,교동면,상용리
인천광역시,강화군,교동면,봉소리
인천광역시,강화군,교동면,고구리
인천광역시,강화군,교동면,삼선리
인천광역시,강화군,교동면,인사리
인천광역시,강화군,교동면,난정리
인천광역시,강화군,교동면,동산리
인천광역시,강화군,교동면,서한리
인천광역시,강화군,교동면,무학리
인천광역시,강화군,교동면,지석리
인천광역시,강화군,삼산면,석모리
인천광역시,강화군,삼산면,매음리
인천광역시,강화군,삼산면,하리
인천광역시,강화군,삼산면,상리
인천광역시,강화군,삼산면,석포리
인천광역시,강화군,삼산면,서검리
인천광역시,강화군,삼산면,미법리
인천광역시,강화군,서도면,주문도리
인천광역시,강화군,서도면,아차도리
인천광역시,강화군,서도면,말도리
인천광역시,강화군,서도면,볼음도리
인천광역시,옹진군,북도면,시도리
인천광역시,옹진군,북도면,신도리
인천광역시,옹진군,북도면,모도리
인천광역시,옹진군,북도면,장봉리
인천광역시,옹진군,백령면,진촌리
인천광역시,옹진군,백령면,남포리
인천광역시,옹진군,백령면,북포리
인천광역시,옹진군,백령면,가을리
인천광역시,옹진군,백령면,연화리
인천광역시,옹진군,대청면,대청리
인천광역시,옹진군,대청면,소청리
인천광역시,옹진군,덕적면,북리
인천광역시,옹진군,덕적면,진리
인천광역시,옹진군,덕적면,서포리
인천광역시,옹진군,덕적면,소야리
인천광역시,옹진군,덕적면,울도리
인천광역시,옹진군,덕적면,백아리
인천광역시,옹진군,덕적면,문갑리
인천광역시,옹진군,덕적면,굴업리
인천광역시,옹진군,영흥면,외리
인천광역시,옹진군,영흥면,내리
인천광역시,옹진군,영흥면,선재리
인천광역시,옹진군,자월면,자월리
인천광역시,옹진군,자월면,이작리
인천광역시,옹진군,자월면,승봉리
인천광역시,옹진군,연평면,연평리
